{
	"format_version": "1.8.0",
	"animations": {
		"animation.idle.new": {
			"animation_length": 4.2083,
			"bones": {
				"bone": {
					"rotation": {
						"0.0": {
							"vector": [0, 0, 0]
						},
						"2.1667": {
							"vector": [0, 0, -10]
						},
						"2.375": {
							"vector": [0, 0, 0]
						}
					}
				},
				"RightArm": {
					"rotation": {
						"0.0": {
							"vector": [0, 0, 0]
						},
						"0.2083": {
							"vector": [-30, 0, 0]
						},
						"0.7083": {
							"vector": [-50, 0, 0]
						},
						"3.5833": {
							"vector": [-32.5, 0, 0]
						},
						"3.9583": {
							"vector": [-12.5, 0, 0]
						},
						"4.2083": {
							"vector": [-2.5, 0, 0]
						}
					},
					"position": {
						"0.0": {
							"vector": [0, 0, 0]
						},
						"1.625": {
							"vector": [0, 0, 3]
						},
						"3.0833": {
							"vector": [0, 0, 2]
						}
					}
				},
				"LeftArm": {
					"rotation": {
						"0.0": {
							"vector": [0, 0, 0]
						},
						"0.2083": {
							"vector": [-35, 0, 0]
						},
						"3.0833": {
							"vector": [-37.5, 0, 0]
						},
						"3.5833": {
							"vector": [-10, 0, 0]
						},
						"3.9583": {
							"vector": [-5, 0, 0]
						},
						"4.2083": {
							"vector": [0, 0, 0]
						}
					},
					"position": {
						"0.0": {
							"vector": [0, 0, 0]
						},
						"1.625": {
							"vector": [0, 0, 2]
						},
						"3.0833": {
							"vector": [0, 0, 1]
						}
					}
				},
				"bone3": {
					"rotation": {
						"0.0": {
							"vector": [0, 0, 0]
						},
						"0.2083": {
							"vector": [-25, 0, 0]
						},
						"0.7083": {
							"vector": [-52.5, 0, 0]
						},
						"1.2083": {
							"vector": [-52.5, 0, 0]
						},
						"1.875": {
							"vector": [-78.68107, -13.80192, -10.86531]
						},
						"2.2083": {
							"vector": [-71.18107, -13.80192, -10.86531]
						},
						"2.5417": {
							"vector": [-81.18107, -13.80192, -10.86531]
						},
						"2.8333": {
							"vector": [-66.90935, -0.0286, -4.8656]
						},
						"3.0833": {
							"vector": [-49.40935, -0.0286, -4.8656]
						},
						"3.5833": {
							"vector": [-29.40935, -0.0286, -4.8656]
						},
						"3.9583": {
							"vector": [-1.90935, -0.0286, -4.8656]
						}
					},
					"position": {
						"0.0": {
							"vector": [0, 0, 0]
						},
						"1.625": {
							"vector": [0, 0, 3]
						},
						"3.0833": {
							"vector": [0, 0, 2]
						}
					}
				},
				"bone4": {
					"rotation": {
						"0.0": {
							"vector": [0, 0, 0]
						},
						"0.2083": {
							"vector": [-25, 0, 0]
						},
						"0.7083": {
							"vector": [-55, 0, 0]
						},
						"1.2083": {
							"vector": [-54.3516, 10.21235, 7.24677]
						},
						"1.875": {
							"vector": [-74.47632, 28.02432, 21.88151]
						},
						"2.2083": {
							"vector": [-86.97632, 28.02432, 21.88151]
						},
						"2.5": {
							"vector": [-69.47632, 28.02432, 21.88151]
						},
						"2.7083": {
							"vector": [-59.47632, 28.02432, 21.88151]
						},
						"3.0417": {
							"vector": [-63.32472, -2.9395, 4.92174]
						},
						"3.0833": {
							"vector": [-43.32472, -2.9395, 4.92174]
						},
						"3.5833": {
							"vector": [-15.82472, -2.9395, 4.92174]
						},
						"3.9583": {
							"vector": [-3.32472, -2.9395, 4.92174]
						},
						"4.2083": {
							"vector": [1.67528, -2.9395, 4.92174]
						}
					},
					"position": {
						"0.0": {
							"vector": [0, 0, 0]
						},
						"1.625": {
							"vector": [0, 0, 3]
						},
						"3.0833": {
							"vector": [0, 0, 1]
						}
					}
				}
			}
		},
		"animation.attack.new": {
			"animation_length": 2.5,
			"bones": {
				"Head": {
					"rotation": {
						"0.0": {
							"vector": [-15, 0, 0]
						},
						"1.9167": {
							"vector": [-22.5, 0, 0]
						},
						"2.0833": {
							"vector": [-2.5, 0, 0]
						},
						"2.25": {
							"vector": [10, 0, 0]
						}
					},
					"position": {
						"0.0": {
							"vector": [0, 0, 0]
						},
						"1.2083": {
							"vector": [0, 0, -4]
						}
					}
				},
				"Body": {
					"rotation": {
						"vector": [7.5, 0, 0]
					},
					"position": {
						"0.0": {
							"vector": [0, 0, 0]
						},
						"1.2083": {
							"vector": [0, 0, 0]
						}
					}
				},
				"RightArm": {
					"rotation": {
						"0.0": {
							"vector": [0, 0, 0]
						},
						"0.4583": {
							"vector": [-24.66569, -4.20854, -9.07947]
						},
						"1.2083": {
							"vector": [-24.47761, -5.24826, -11.36081]
						}
					},
					"position": {
						"0.0": {
							"vector": [0, 0, 0]
						},
						"0.4583": {
							"vector": [0, 1, 1]
						}
					}
				},
				"LeftArm": {
					"rotation": {
						"0.0": {
							"vector": [0, 0, 0]
						},
						"0.4583": {
							"vector": [-60, 0, 0]
						}
					}
				},
				"LeftLeg": {
					"rotation": {
						"0.0": {
							"vector": [10, 0, 0]
						},
						"1.2083": {
							"vector": [17.5, 0, 0]
						}
					}
				},
				"Jaw": {
					"rotation": {
						"0.0": {
							"vector": [7.5, 0, 0]
						},
						"2.0833": {
							"vector": [2.5, 0, 0]
						},
						"2.25": {
							"vector": [10, 0, 0]
						}
					},
					"position": {
						"0.0": {
							"vector": [0, 0, 0]
						},
						"1.2083": {
							"vector": [0, 0, -3]
						}
					}
				},
				"bone3": {
					"rotation": {
						"0.0": {
							"vector": [0, 0, 0]
						},
						"0.4583": {
							"vector": [-39.75778, -4.81281, -5.7589]
						},
						"1.2083": {
							"vector": [-54.15459, -10.91837, -10.15819]
						}
					},
					"position": {
						"0.0": {
							"vector": [0, 0, 0]
						},
						"0.4583": {
							"vector": [0, 0, 0]
						}
					}
				},
				"bone4": {
					"rotation": {
						"0.0": {
							"vector": [0, 0, 0]
						},
						"0.4583": {
							"vector": [-47.5, 0, 0]
						}
					}
				},
				"bone5": {
					"rotation": {
						"0.0": {
							"vector": [0, 0, 0]
						},
						"2.25": {
							"vector": [7.5, 0, 0]
						}
					},
					"position": {
						"0.0": {
							"vector": [0, 0, 0]
						},
						"1.2083": {
							"vector": [0, 0, -2]
						},
						"2.375": {
							"vector": [0, 0, -3]
						}
					}
				},
				"RightLeg": {
					"rotation": {
						"0.0": {
							"vector": [15, 0, 0]
						},
						"1.4583": {
							"vector": [20, 0, 0]
						}
					}
				}
			}
		},
		"animation.agro.new": {
			"animation_length": 5.8333,
			"bones": {
				"Head": {
					"rotation": {
						"0.0": {
							"vector": [0, -15, 0]
						},
						"0.3333": {
							"vector": [0, -32.5, 0]
						},
						"0.5833": {
							"vector": [0, -52.5, 0]
						},
						"0.875": {
							"vector": [0, -95, 0]
						},
						"1.0": {
							"vector": [0, -117.5, 0]
						},
						"1.3333": {
							"vector": [0, -192.5, 0]
						},
						"1.75": {
							"vector": [0, -232.5, 0]
						},
						"1.875": {
							"vector": [0, -257.5, 0]
						},
						"2.2083": {
							"vector": [2.49284, -362.4929, -0.32652]
						},
						"3.125": {
							"vector": [-10.00716, -362.4929, -0.32652]
						},
						"3.875": {
							"vector": [-0.00716, -362.4929, -0.32652]
						}
					},
					"position": {
						"0.0": {
							"vector": [0, 0, 0]
						},
						"0.875": {
							"vector": [0, 0, 0]
						},
						"1.3333": {
							"vector": [3, 0, 0]
						},
						"2.2083": {
							"vector": [0, 0, 4]
						},
						"4.2917": {
							"vector": [0, 0, 1]
						}
					}
				},
				"Jaw": {
					"rotation": {
						"0.0": {
							"vector": [0, -10, 0]
						},
						"0.3333": {
							"vector": [0, -32.5, 0]
						},
						"0.5833": {
							"vector": [0, -62.5, 0]
						},
						"0.875": {
							"vector": [0, -92.5, 0]
						},
						"1.0": {
							"vector": [0, -117.5, 0]
						},
						"1.3333": {
							"vector": [0, -195, 0]
						},
						"1.75": {
							"vector": [0, -235, 0]
						},
						"1.875": {
							"vector": [0, -362.5, 0]
						}
					},
					"position": {
						"0.0": {
							"vector": [0, 0, 0]
						},